,name,FullServiceRestaurant,Hospital,LargeHotel,LargeOffice,MediumOffice,MidriseApartment,OutPatient,PrimarySchool,QuickServiceRestaurant,ResidBase,ResidHigh,ResidLow,SecondarySchool,SmallHotel,SmallOffice,Stand-aloneRetail,StripMall,SuperMarket,Warehouse
0,N_1100017199,0.0,8.0,0.0,0.0,0.0,0.0,0.0,0.0,0.0,313.0,0.0,5621.0,0.0,0.0,0.0,0.0,147.0,0.0,34.0
1,N_1100006161,0.0,1.0,0.0,0.0,0.0,0.0,0.0,0.0,0.0,0.0,0.0,13886.0,0.0,0.0,0.0,0.0,48.0,0.0,58.0
2,N_1100080115,0.0,13.0,0.0,0.0,0.0,0.0,0.0,0.0,0.0,0.0,0.0,33384.0,0.0,0.0,0.0,0.0,280.0,0.0,148.0
3,N_1100080114,0.0,21.0,0.0,0.0,0.0,0.0,0.0,0.0,0.0,0.0,0.0,52157.0,0.0,0.0,0.0,0.0,455.0,0.0,232.0
4,N_1100058567,0.0,13.0,0.0,0.0,0.0,0.0,0.0,0.0,0.0,0.0,0.0,80259.0,0.0,0.0,0.0,0.0,379.0,0.0,339.0
5,N_1100080116,0.0,18.0,0.0,0.0,0.0,0.0,0.0,0.0,0.0,0.0,0.0,37976.0,0.0,0.0,0.0,0.0,380.0,0.0,172.0
6,N_1100005152,0.0,0.0,0.0,0.0,0.0,0.0,0.0,0.0,0.0,0.0,0.0,4017.0,0.0,0.0,0.0,0.0,10.0,0.0,17.0
7,N_1100017190,0.0,6.0,0.0,0.0,0.0,0.0,0.0,0.0,0.0,0.0,0.0,74753.0,0.0,0.0,0.0,0.0,252.0,0.0,311.0
8,N_1100017193,0.0,3.0,0.0,0.0,0.0,0.0,0.0,0.0,0.0,8.0,0.0,2407.0,0.0,0.0,0.0,0.0,53.0,0.0,13.0
9,N_1100065409,0.0,20.0,0.0,0.0,0.0,0.0,0.0,0.0,0.0,0.0,0.0,42118.0,0.0,0.0,0.0,0.0,419.0,0.0,190.0
10,N_1100017195,0.0,4.0,0.0,0.0,0.0,0.0,0.0,0.0,0.0,290.0,0.0,2118.0,0.0,0.0,0.0,0.0,70.0,0.0,15.0
11,N_1100017194,0.0,4.0,0.0,0.0,0.0,0.0,0.0,0.0,0.0,0.0,0.0,12550.0,0.0,0.0,0.0,0.0,89.0,0.0,55.0
12,N_1100075773,0.0,0.0,0.0,0.0,0.0,0.0,0.0,0.0,0.0,0.0,0.0,0.0,0.0,0.0,0.0,0.0,0.0,0.0,0.0
13,N_1100095369,0.0,0.0,0.0,0.0,0.0,0.0,0.0,0.0,0.0,0.0,0.0,0.0,0.0,0.0,0.0,0.0,0.0,0.0,0.0
14,N_1100079902,0.0,1.0,0.0,0.0,0.0,0.0,0.0,0.0,0.0,0.0,0.0,18962.0,0.0,0.0,0.0,0.0,49.0,0.0,78.0
15,N_1100123734,0.0,3.0,0.0,0.0,0.0,0.0,0.0,0.0,0.0,0.0,0.0,10680.0,0.0,0.0,0.0,0.0,74.0,0.0,46.0
16,N_1100079900,0.0,12.0,0.0,0.0,0.0,0.0,0.0,0.0,0.0,0.0,0.0,21650.0,0.0,0.0,0.0,0.0,250.0,0.0,100.0
17,N_1100005977,0.0,0.0,0.0,0.0,0.0,0.0,0.0,0.0,0.0,0.0,0.0,0.0,0.0,0.0,0.0,0.0,0.0,0.0,0.0
18,N_1100042562,0.0,16.0,0.0,0.0,0.0,0.0,0.0,0.0,0.0,0.0,0.0,28839.0,0.0,0.0,0.0,0.0,322.0,0.0,133.0
19,N_1100042563,0.0,9.0,0.0,0.0,0.0,0.0,0.0,0.0,0.0,0.0,0.0,15066.0,0.0,0.0,0.0,0.0,178.0,0.0,70.0
20,N_1100123733,0.0,1.0,0.0,0.0,0.0,0.0,0.0,0.0,0.0,0.0,0.0,4464.0,0.0,0.0,0.0,0.0,21.0,0.0,19.0
21,N_1100123732,0.0,0.0,0.0,0.0,0.0,0.0,0.0,0.0,0.0,0.0,0.0,3152.0,0.0,0.0,0.0,0.0,7.0,0.0,13.0
22,N_1100065000,0.0,17.0,0.0,0.0,0.0,0.0,0.0,0.0,0.0,0.0,0.0,26446.0,0.0,0.0,0.0,0.0,343.0,0.0,125.0
23,N_1100065001,0.0,4.0,0.0,0.0,0.0,0.0,0.0,0.0,0.0,0.0,0.0,89776.0,0.0,0.0,0.0,0.0,250.0,0.0,371.0
24,N_1100123630,0.0,0.0,0.0,0.0,0.0,0.0,0.0,0.0,0.0,0.0,0.0,33496.0,0.0,0.0,0.0,0.0,69.0,0.0,138.0
25,N_1100041697,0.0,9.0,0.0,0.0,0.0,0.0,0.0,0.0,0.0,0.0,0.0,33822.0,0.0,0.0,0.0,0.0,215.0,0.0,146.0
26,N_1100006167,0.0,2.0,0.0,0.0,0.0,0.0,0.0,0.0,0.0,0.0,0.0,7262.0,0.0,0.0,0.0,0.0,43.0,0.0,31.0
27,N_1100042942,0.0,16.0,0.0,0.0,0.0,0.0,0.0,0.0,0.0,3472.0,0.0,3928.0,0.0,0.0,0.0,0.0,254.0,0.0,57.0
28,N_1100122414,0.0,7.0,0.0,0.0,0.0,0.0,0.0,0.0,0.0,0.0,0.0,16965.0,0.0,0.0,0.0,0.0,153.0,0.0,76.0
29,N_1100001237,0.0,19.0,0.0,0.0,0.0,0.0,0.0,0.0,0.0,0.0,0.0,18225.0,0.0,0.0,0.0,0.0,353.0,0.0,93.0
30,N_1100079969,0.0,18.0,0.0,0.0,0.0,0.0,0.0,0.0,0.0,0.0,567.0,0.0,0.0,0.0,0.0,0.0,303.0,0.0,27.0
31,N_1100005367,0.0,0.0,0.0,0.0,0.0,0.0,0.0,0.0,0.0,0.0,0.0,0.0,0.0,0.0,0.0,0.0,0.0,0.0,0.0
32,N_1100079981,0.0,6.0,0.0,0.0,0.0,0.0,0.0,0.0,0.0,0.0,0.0,47655.0,0.0,0.0,0.0,0.0,192.0,0.0,200.0
33,N_1100079984,0.0,14.0,0.0,0.0,0.0,0.0,0.0,0.0,0.0,0.0,0.0,40275.0,0.0,0.0,0.0,0.0,321.0,0.0,177.0
34,N_1100042736,0.0,0.0,0.0,0.0,0.0,0.0,0.0,0.0,0.0,36540.0,0.0,17796.0,0.0,0.0,0.0,0.0,0.0,0.0,162.0
35,N_1100080152,0.0,4.0,0.0,0.0,0.0,0.0,0.0,0.0,0.0,0.0,0.0,33990.0,0.0,0.0,0.0,0.0,143.0,0.0,143.0
36,N_1100017191,0.0,3.0,0.0,0.0,0.0,0.0,0.0,0.0,0.0,0.0,0.0,19784.0,0.0,0.0,0.0,0.0,87.0,0.0,83.0
37,N_1100006794,0.0,2.0,0.0,0.0,0.0,0.0,0.0,0.0,0.0,0.0,0.0,3998.0,0.0,0.0,0.0,0.0,38.0,0.0,18.0
38,N_1100123629,0.0,0.0,0.0,0.0,0.0,0.0,0.0,0.0,0.0,8356.0,0.0,18110.0,0.0,0.0,0.0,0.0,0.0,0.0,90.0
39,N_1100058566,0.0,24.0,0.0,0.0,0.0,0.0,0.0,0.0,0.0,0.0,0.0,71311.0,0.0,0.0,0.0,0.0,535.0,0.0,312.0
40,N_1100123703,0.0,0.0,0.0,0.0,0.0,0.0,0.0,0.0,0.0,21522.0,0.0,0.0,0.0,0.0,0.0,0.0,0.0,0.0,23.0
41,N_1100059608,0.0,21.0,0.0,0.0,0.0,0.0,0.0,0.0,0.0,4040.0,0.0,5150.0,0.0,0.0,0.0,0.0,333.0,0.0,71.0
42,N_1100080078,0.0,2.0,0.0,0.0,0.0,0.0,0.0,0.0,0.0,0.0,0.0,68347.0,0.0,0.0,0.0,0.0,173.0,0.0,282.0
43,N_1100080079,0.0,0.0,0.0,0.0,0.0,0.0,0.0,0.0,0.0,30171.0,0.0,15598.0,0.0,0.0,0.0,0.0,0.0,0.0,143.0
44,N_1100079914,0.0,3.0,0.0,0.0,0.0,0.0,0.0,0.0,0.0,0.0,0.0,79424.0,0.0,0.0,0.0,0.0,211.0,0.0,328.0
45,N_1100080074,0.0,0.0,0.0,0.0,0.0,0.0,0.0,0.0,0.0,0.0,0.0,61046.0,0.0,0.0,0.0,0.0,17.0,0.0,253.0
46,N_1100079916,0.0,0.0,0.0,0.0,0.0,0.0,0.0,0.0,0.0,0.0,0.0,40345.0,0.0,0.0,0.0,0.0,80.0,0.0,166.0
47,N_1100005148,0.0,2.0,0.0,0.0,0.0,0.0,0.0,0.0,0.0,0.0,0.0,3858.0,0.0,0.0,0.0,0.0,35.0,0.0,17.0
48,N_1100080071,0.0,25.0,0.0,0.0,0.0,0.0,0.0,0.0,0.0,0.0,0.0,30585.0,0.0,0.0,0.0,0.0,479.0,0.0,149.0
49,N_1100123740,0.0,0.0,0.0,0.0,0.0,0.0,0.0,0.0,0.0,0.0,0.0,0.0,0.0,0.0,0.0,0.0,0.0,0.0,0.0
50,N_1100081276,0.0,2.0,0.0,0.0,0.0,0.0,0.0,0.0,0.0,0.0,0.0,6074.0,0.0,0.0,0.0,0.0,50.0,0.0,27.0
51,N_1100081274,0.0,3.0,0.0,0.0,0.0,0.0,0.0,0.0,0.0,0.0,0.0,7929.0,0.0,0.0,0.0,0.0,73.0,0.0,35.0
52,N_1100081273,0.0,0.0,0.0,0.0,0.0,0.0,0.0,0.0,0.0,0.0,0.0,2458.0,0.0,0.0,0.0,0.0,11.0,0.0,10.0
53,N_1100065408,0.0,26.0,0.0,0.0,0.0,0.0,0.0,0.0,0.0,0.0,0.0,32494.0,0.0,0.0,0.0,0.0,491.0,0.0,157.0
54,N_1100123628,0.0,4.0,0.0,0.0,0.0,0.0,0.0,0.0,0.0,0.0,0.0,22001.0,0.0,0.0,0.0,0.0,105.0,0.0,93.0
55,N_1100123627,0.0,7.0,0.0,0.0,0.0,0.0,0.0,0.0,0.0,0.0,0.0,20096.0,0.0,0.0,0.0,0.0,155.0,0.0,88.0
56,N_1100123626,0.0,9.0,0.0,0.0,0.0,0.0,0.0,0.0,0.0,0.0,0.0,39417.0,0.0,0.0,0.0,0.0,236.0,0.0,169.0
57,N_1100123625,0.0,2.0,0.0,0.0,0.0,0.0,0.0,0.0,0.0,0.0,0.0,10072.0,0.0,0.0,0.0,0.0,55.0,0.0,43.0
58,N_1100080088,0.0,0.0,0.0,0.0,0.0,0.0,0.0,0.0,0.0,15917.0,22990.0,8477.0,0.0,0.0,0.0,0.0,0.0,0.0,47.0
59,N_1100102806,0.0,0.0,0.0,0.0,0.0,0.0,0.0,0.0,0.0,0.0,0.0,1565.0,0.0,0.0,0.0,0.0,4.0,0.0,6.0
60,N_1100040447,0.0,0.0,0.0,0.0,0.0,0.0,0.0,0.0,0.0,49919.0,0.0,51580.0,0.0,0.0,0.0,0.0,0.0,0.0,300.0
61,N_1100015719,0.0,5.0,0.0,0.0,0.0,0.0,0.0,0.0,0.0,0.0,0.0,75106.0,0.0,0.0,0.0,0.0,237.0,0.0,312.0
62,N_1100123785,0.0,3.0,0.0,0.0,0.0,0.0,0.0,0.0,0.0,0.0,0.0,6633.0,0.0,0.0,0.0,0.0,58.0,0.0,30.0
63,N_1100123854,0.0,4.0,0.0,0.0,0.0,0.0,0.0,0.0,0.0,0.0,0.0,10909.0,0.0,0.0,0.0,0.0,84.0,0.0,48.0
64,N_1100079990,0.0,9.0,0.0,0.0,0.0,0.0,0.0,0.0,0.0,0.0,0.0,17129.0,0.0,0.0,0.0,0.0,182.0,0.0,78.0
65,N_1100079993,0.0,2.0,0.0,0.0,0.0,0.0,0.0,0.0,0.0,0.0,0.0,108334.0,0.0,0.0,0.0,0.0,250.0,0.0,446.0
66,N_1100079992,0.0,18.0,0.0,0.0,0.0,0.0,0.0,0.0,0.0,0.0,0.0,49943.0,0.0,0.0,0.0,0.0,406.0,0.0,220.0
67,N_1100123644,0.0,0.0,0.0,0.0,0.0,0.0,0.0,0.0,0.0,0.0,0.0,0.0,0.0,0.0,0.0,0.0,0.0,0.0,0.0
68,N_1100079999,0.0,11.0,0.0,0.0,0.0,0.0,0.0,0.0,0.0,0.0,0.0,30477.0,0.0,0.0,0.0,0.0,246.0,0.0,134.0
69,N_1100079998,0.0,4.0,0.0,0.0,0.0,0.0,0.0,0.0,0.0,0.0,0.0,16762.0,0.0,0.0,0.0,0.0,107.0,0.0,72.0
70,N_1100045531,0.0,9.0,0.0,0.0,0.0,0.0,0.0,0.0,0.0,0.0,0.0,39295.0,0.0,0.0,0.0,0.0,236.0,0.0,169.0
71,N_1100008768,0.0,1.0,0.0,0.0,0.0,0.0,0.0,0.0,0.0,0.0,0.0,38038.0,0.0,0.0,0.0,0.0,87.0,0.0,157.0
72,N_1100045533,0.0,17.0,0.0,0.0,0.0,0.0,0.0,0.0,0.0,0.0,0.0,50752.0,0.0,0.0,0.0,0.0,386.0,0.0,222.0
73,N_1100009260,0.0,20.0,0.0,0.0,0.0,0.0,0.0,0.0,0.0,1449.0,2040.0,690.0,0.0,0.0,0.0,0.0,315.0,0.0,59.0
74,N_1100006173,0.0,5.0,0.0,0.0,0.0,0.0,0.0,0.0,0.0,0.0,325.0,0.0,0.0,0.0,0.0,0.0,77.0,0.0,9.0
75,N_1100041559,0.0,0.0,0.0,0.0,0.0,0.0,0.0,0.0,0.0,0.0,0.0,0.0,0.0,0.0,0.0,0.0,0.0,0.0,0.0
76,N_1100017119,0.0,2.0,0.0,0.0,0.0,0.0,0.0,0.0,0.0,97.0,0.0,1429.0,0.0,0.0,0.0,0.0,39.0,0.0,9.0
77,N_1100123731,0.0,0.0,0.0,0.0,0.0,0.0,0.0,0.0,0.0,0.0,0.0,4570.0,0.0,0.0,0.0,0.0,16.0,0.0,19.0
78,N_1100080069,0.0,17.0,0.0,0.0,0.0,0.0,0.0,0.0,0.0,0.0,0.0,33973.0,0.0,0.0,0.0,0.0,342.0,0.0,154.0
79,N_1100080348,0.0,7.0,0.0,0.0,0.0,0.0,0.0,0.0,0.0,0.0,0.0,16975.0,0.0,0.0,0.0,0.0,153.0,0.0,76.0
80,N_1100122379,0.0,5.0,0.0,0.0,0.0,0.0,0.0,0.0,0.0,0.0,0.0,52874.0,0.0,0.0,0.0,0.0,190.0,0.0,221.0
81,N_1100042560,0.0,0.0,0.0,0.0,0.0,0.0,0.0,0.0,0.0,0.0,0.0,42792.0,0.0,0.0,0.0,0.0,31.0,0.0,177.0
82,N_1100017203,0.0,15.0,0.0,0.0,0.0,0.0,0.0,0.0,0.0,0.0,0.0,29106.0,0.0,0.0,0.0,0.0,311.0,0.0,133.0
83,N_1100079962,0.0,23.0,0.0,0.0,0.0,0.0,0.0,0.0,0.0,0.0,781.0,0.0,0.0,0.0,0.0,0.0,380.0,0.0,35.0
84,N_1100079963,0.0,18.0,0.0,0.0,0.0,0.0,0.0,0.0,0.0,0.0,0.0,18124.0,0.0,0.0,0.0,0.0,341.0,0.0,92.0
85,N_1100080065,0.0,4.0,0.0,0.0,0.0,0.0,0.0,0.0,0.0,0.0,0.0,97040.0,0.0,0.0,0.0,0.0,258.0,0.0,401.0
86,N_1100080067,0.0,11.0,0.0,0.0,0.0,0.0,0.0,0.0,0.0,0.0,0.0,86253.0,0.0,0.0,0.0,0.0,351.0,0.0,362.0
87,N_1100079967,0.0,13.0,0.0,0.0,0.0,0.0,0.0,0.0,0.0,0.0,0.0,38359.0,0.0,0.0,0.0,0.0,297.0,0.0,168.0
88,N_1100159020,0.0,0.0,0.0,0.0,0.0,0.0,0.0,0.0,0.0,0.0,0.0,0.0,0.0,0.0,0.0,0.0,0.0,0.0,0.0
89,N_1100080105,0.0,25.0,0.0,0.0,0.0,0.0,0.0,0.0,0.0,0.0,0.0,31275.0,0.0,0.0,0.0,0.0,471.0,0.0,151.0
90,N_1100123798,0.0,0.0,0.0,0.0,0.0,0.0,0.0,0.0,0.0,0.0,0.0,11999.0,0.0,0.0,0.0,0.0,30.0,0.0,49.0
91,N_1100005160,0.0,4.0,0.0,0.0,0.0,0.0,0.0,0.0,0.0,0.0,0.0,34638.0,0.0,0.0,0.0,0.0,137.0,0.0,145.0
92,N_1100102812,0.0,0.0,0.0,0.0,0.0,0.0,0.0,0.0,0.0,0.0,0.0,0.0,0.0,0.0,0.0,0.0,0.0,0.0,0.0
93,N_1100042463,0.0,21.0,0.0,0.0,0.0,0.0,0.0,0.0,0.0,0.0,0.0,41942.0,0.0,0.0,0.0,0.0,434.0,0.0,191.0
94,N_1100042462,0.0,15.0,0.0,0.0,0.0,0.0,0.0,0.0,0.0,0.0,0.0,35075.0,0.0,0.0,0.0,0.0,317.0,0.0,157.0
95,N_1100042461,0.0,10.0,0.0,0.0,0.0,0.0,0.0,0.0,0.0,0.0,0.0,55948.0,0.0,0.0,0.0,0.0,275.0,0.0,237.0
96,N_1100041119,0.0,0.0,0.0,0.0,0.0,0.0,0.0,0.0,0.0,0.0,0.0,34675.0,0.0,0.0,0.0,0.0,58.0,0.0,143.0
97,N_1100123763,0.0,0.0,0.0,0.0,0.0,0.0,0.0,0.0,0.0,0.0,0.0,0.0,0.0,0.0,0.0,0.0,0.0,0.0,0.0
98,N_1100015964,0.0,31.0,0.0,0.0,0.0,0.0,0.0,0.0,0.0,3691.0,1087.0,5562.0,0.0,0.0,0.0,0.0,494.0,0.0,94.0
99,N_1100015965,0.0,0.0,0.0,0.0,0.0,0.0,0.0,0.0,0.0,38852.0,0.0,17198.0,0.0,0.0,0.0,0.0,0.0,0.0,73.0
100,N_1100015963,0.0,11.0,0.0,0.0,0.0,0.0,0.0,0.0,0.0,0.0,0.0,56934.0,0.0,0.0,0.0,0.0,298.0,0.0,242.0
101,N_1100080100,0.0,0.0,0.0,0.0,0.0,0.0,0.0,0.0,0.0,0.0,0.0,0.0,0.0,0.0,0.0,0.0,0.0,0.0,0.0
102,N_1100080453,0.0,19.0,0.0,0.0,0.0,0.0,0.0,0.0,0.0,0.0,0.0,25388.0,0.0,0.0,0.0,0.0,369.0,0.0,122.0
103,N_1100045532,0.0,11.0,0.0,0.0,0.0,0.0,0.0,0.0,0.0,0.0,0.0,14235.0,0.0,0.0,0.0,0.0,205.0,0.0,68.0
104,N_1100080073,0.0,34.0,0.0,0.0,0.0,0.0,0.0,0.0,0.0,0.0,4179.0,0.0,0.0,0.0,0.0,0.0,541.0,0.0,87.0
105,N_1100123587,0.0,9.0,0.0,0.0,0.0,0.0,0.0,0.0,0.0,0.0,0.0,16014.0,0.0,0.0,0.0,0.0,177.0,0.0,73.0
106,N_1100123584,0.0,3.0,0.0,0.0,0.0,0.0,0.0,0.0,0.0,0.0,0.0,37607.0,0.0,0.0,0.0,0.0,129.0,0.0,157.0
107,N_1100060028,0.0,30.0,0.0,0.0,0.0,0.0,0.0,0.0,0.0,4393.0,501.0,5820.0,0.0,0.0,0.0,0.0,482.0,0.0,93.0
108,N_1100123582,0.0,1.0,0.0,0.0,0.0,0.0,0.0,0.0,0.0,77.0,107.0,46.0,0.0,0.0,0.0,0.0,22.0,0.0,4.0
109,N_1100123583,0.0,4.0,0.0,0.0,0.0,0.0,0.0,0.0,0.0,0.0,0.0,27727.0,0.0,0.0,0.0,0.0,119.0,0.0,117.0
110,N_1100006348,0.0,0.0,0.0,0.0,0.0,0.0,0.0,0.0,0.0,0.0,0.0,0.0,0.0,0.0,0.0,0.0,0.0,0.0,0.0
111,N_1100080347,0.0,6.0,0.0,0.0,0.0,0.0,0.0,0.0,0.0,0.0,0.0,11578.0,0.0,0.0,0.0,0.0,130.0,0.0,53.0
112,N_1100041228,0.0,19.0,0.0,0.0,0.0,0.0,0.0,0.0,0.0,0.0,0.0,123985.0,0.0,0.0,0.0,0.0,562.0,0.0,523.0
113,N_1100123570,0.0,13.0,0.0,0.0,0.0,0.0,0.0,0.0,0.0,0.0,0.0,20168.0,0.0,0.0,0.0,0.0,254.0,0.0,95.0
114,N_1100017200,0.0,8.0,0.0,0.0,0.0,0.0,0.0,0.0,0.0,0.0,0.0,11801.0,0.0,0.0,0.0,0.0,148.0,0.0,55.0
115,N_1100123588,0.0,9.0,0.0,0.0,0.0,0.0,0.0,0.0,0.0,0.0,0.0,13095.0,0.0,0.0,0.0,0.0,172.0,0.0,62.0
116,N_1100017202,0.0,0.0,0.0,0.0,0.0,0.0,0.0,0.0,0.0,0.0,0.0,8103.0,0.0,0.0,0.0,0.0,2.0,0.0,34.0
117,N_1100080095,0.0,12.0,0.0,0.0,0.0,0.0,0.0,0.0,0.0,0.0,0.0,47071.0,0.0,0.0,0.0,0.0,290.0,0.0,202.0
118,N_1100080090,0.0,6.0,0.0,0.0,0.0,0.0,0.0,0.0,0.0,0.0,0.0,64248.0,0.0,0.0,0.0,0.0,233.0,0.0,268.0
119,N_1100122360,0.0,11.0,0.0,0.0,0.0,0.0,0.0,0.0,0.0,0.0,0.0,60781.0,0.0,0.0,0.0,0.0,313.0,0.0,258.0
120,N_1100123768,0.0,0.0,0.0,0.0,0.0,0.0,0.0,0.0,0.0,14.0,20.0,7.0,0.0,0.0,0.0,0.0,0.0,0.0,0.0
121,N_1100408664,0.0,1.0,0.0,0.0,0.0,0.0,0.0,0.0,0.0,0.0,0.0,22295.0,0.0,0.0,0.0,0.0,69.0,0.0,93.0
122,N_1100042946,0.0,7.0,0.0,0.0,0.0,0.0,0.0,0.0,0.0,0.0,0.0,46905.0,0.0,0.0,0.0,0.0,216.0,0.0,198.0
123,N_1100079972,0.0,5.0,0.0,0.0,0.0,0.0,0.0,0.0,0.0,0.0,0.0,53210.0,0.0,0.0,0.0,0.0,193.0,0.0,222.0
124,N_1100123765,0.0,0.0,0.0,0.0,0.0,0.0,0.0,0.0,0.0,0.0,0.0,0.0,0.0,0.0,0.0,0.0,0.0,0.0,0.0
125,N_1100123762,0.0,6.0,0.0,0.0,0.0,0.0,0.0,0.0,0.0,0.0,0.0,6685.0,0.0,0.0,0.0,0.0,108.0,0.0,33.0
126,N_1100080099,0.0,12.0,0.0,0.0,0.0,0.0,0.0,0.0,0.0,0.0,0.0,43902.0,0.0,0.0,0.0,0.0,294.0,0.0,190.0
127,N_1100079975,0.0,14.0,0.0,0.0,0.0,0.0,0.0,0.0,0.0,0.0,0.0,23026.0,0.0,0.0,0.0,0.0,282.0,0.0,107.0
128,N_1100079974,0.0,12.0,0.0,0.0,0.0,0.0,0.0,0.0,0.0,0.0,0.0,69288.0,0.0,0.0,0.0,0.0,338.0,0.0,293.0
129,N_1100123605,0.0,6.0,0.0,0.0,0.0,0.0,0.0,0.0,0.0,0.0,0.0,12778.0,0.0,0.0,0.0,0.0,119.0,0.0,57.0
130,N_1100041803,0.0,4.0,0.0,0.0,0.0,0.0,0.0,0.0,0.0,0.0,0.0,40832.0,0.0,0.0,0.0,0.0,151.0,0.0,171.0
131,N_1100123568,0.0,11.0,0.0,0.0,0.0,0.0,0.0,0.0,0.0,0.0,0.0,17504.0,0.0,0.0,0.0,0.0,224.0,0.0,82.0
132,N_1100123569,0.0,5.0,0.0,0.0,0.0,0.0,0.0,0.0,0.0,0.0,0.0,16197.0,0.0,0.0,0.0,0.0,116.0,0.0,71.0
133,N_1100123603,0.0,7.0,0.0,0.0,0.0,0.0,0.0,0.0,0.0,0.0,0.0,35489.0,0.0,0.0,0.0,0.0,185.0,0.0,151.0
134,N_1100122678,0.0,3.0,0.0,0.0,0.0,0.0,0.0,0.0,0.0,0.0,0.0,15949.0,0.0,0.0,0.0,0.0,85.0,0.0,68.0
135,N_1100122676,0.0,3.0,0.0,0.0,0.0,0.0,0.0,0.0,0.0,0.0,0.0,35804.0,0.0,0.0,0.0,0.0,124.0,0.0,149.0
136,N_1100065342,0.0,0.0,0.0,0.0,0.0,0.0,0.0,0.0,0.0,0.0,0.0,0.0,0.0,0.0,0.0,0.0,0.0,0.0,0.0
137,N_1100164300,0.0,1.0,0.0,0.0,0.0,0.0,0.0,0.0,0.0,0.0,41.0,0.0,0.0,0.0,0.0,0.0,18.0,0.0,2.0
138,N_1100122671,0.0,8.0,0.0,0.0,0.0,0.0,0.0,0.0,0.0,117.0,0.0,6005.0,0.0,0.0,0.0,0.0,139.0,0.0,33.0
139,N_1100080092,0.0,0.0,0.0,0.0,0.0,0.0,0.0,0.0,0.0,0.0,0.0,88105.0,0.0,0.0,0.0,0.0,89.0,0.0,364.0
140,N_1100015970,0.0,0.0,0.0,0.0,0.0,0.0,0.0,0.0,0.0,402.0,0.0,29776.0,0.0,0.0,0.0,0.0,1.0,0.0,126.0
141,N_1100123871,0.0,0.0,0.0,0.0,0.0,0.0,0.0,0.0,0.0,0.0,0.0,0.0,0.0,0.0,0.0,0.0,0.0,0.0,0.0
142,N_1100090464,0.0,8.0,0.0,0.0,0.0,0.0,0.0,0.0,0.0,0.0,0.0,31729.0,0.0,0.0,0.0,0.0,193.0,0.0,136.0
143,N_1100090465,0.0,4.0,0.0,0.0,0.0,0.0,0.0,0.0,0.0,0.0,0.0,34293.0,0.0,0.0,0.0,0.0,140.0,0.0,144.0
144,N_1100043157,0.0,0.0,0.0,0.0,0.0,0.0,0.0,0.0,0.0,0.0,0.0,0.0,0.0,0.0,0.0,0.0,0.0,0.0,0.0
145,N_1100059920,0.0,5.0,0.0,0.0,0.0,0.0,0.0,0.0,0.0,0.0,0.0,63861.0,0.0,0.0,0.0,0.0,209.0,0.0,266.0
146,N_1100079935,0.0,0.0,0.0,0.0,0.0,0.0,0.0,0.0,0.0,0.0,0.0,0.0,0.0,0.0,0.0,0.0,0.0,0.0,0.0
147,N_1100084642,0.0,0.0,0.0,0.0,0.0,0.0,0.0,0.0,0.0,0.0,0.0,0.0,0.0,0.0,0.0,0.0,0.0,0.0,0.0
148,N_1100063355,0.0,17.0,0.0,0.0,0.0,0.0,0.0,0.0,0.0,916.0,0.0,10097.0,0.0,0.0,0.0,0.0,294.0,0.0,65.0
149,N_1100015249,0.0,18.0,0.0,0.0,0.0,0.0,0.0,0.0,0.0,0.0,0.0,178448.0,0.0,0.0,0.0,0.0,668.0,0.0,746.0
150,N_1100123592,0.0,22.0,0.0,0.0,0.0,0.0,0.0,0.0,0.0,0.0,864.0,0.0,0.0,0.0,0.0,0.0,370.0,0.0,35.0
151,N_1100123595,0.0,19.0,0.0,0.0,0.0,0.0,0.0,0.0,0.0,0.0,0.0,39774.0,0.0,0.0,0.0,0.0,390.0,0.0,180.0
152,N_1100009254,0.0,0.0,0.0,0.0,0.0,0.0,0.0,0.0,0.0,0.0,0.0,83810.0,0.0,0.0,0.0,0.0,125.0,0.0,345.0
153,N_1100123599,0.0,5.0,0.0,0.0,0.0,0.0,0.0,0.0,0.0,0.0,0.0,41965.0,0.0,0.0,0.0,0.0,167.0,0.0,176.0
154,N_1100079933,0.0,98.0,0.0,0.0,0.0,0.0,0.0,0.0,0.0,27582.0,0.0,29458.0,0.0,0.0,0.0,0.0,1502.0,0.0,414.0
155,N_1100079980,0.0,3.0,0.0,0.0,0.0,0.0,0.0,0.0,0.0,0.0,0.0,70001.0,0.0,0.0,0.0,0.0,190.0,0.0,289.0
156,N_1100123721,0.0,6.0,0.0,0.0,0.0,0.0,0.0,0.0,0.0,0.0,127.0,0.0,0.0,0.0,0.0,0.0,95.0,0.0,8.0
157,N_1100080087,0.0,0.0,0.0,0.0,0.0,0.0,0.0,0.0,0.0,0.0,0.0,85933.0,0.0,0.0,0.0,0.0,171.0,0.0,353.0
158,N_1100080086,0.0,15.0,0.0,0.0,0.0,0.0,0.0,0.0,0.0,0.0,0.0,48700.0,0.0,0.0,0.0,0.0,353.0,0.0,213.0
159,N_1100080085,0.0,21.0,0.0,0.0,0.0,0.0,0.0,0.0,0.0,0.0,0.0,39346.0,0.0,0.0,0.0,0.0,431.0,0.0,180.0
160,N_1100041003,0.0,5.0,0.0,0.0,0.0,0.0,0.0,0.0,0.0,0.0,0.0,89943.0,0.0,0.0,0.0,0.0,269.0,0.0,373.0
161,N_1100080081,0.0,27.0,0.0,0.0,0.0,0.0,0.0,0.0,0.0,0.0,0.0,47007.0,0.0,0.0,0.0,0.0,548.0,0.0,217.0
162,N_1100123796,0.0,0.0,0.0,0.0,0.0,0.0,0.0,0.0,0.0,0.0,0.0,1837.0,0.0,0.0,0.0,0.0,8.0,0.0,8.0
163,N_1100123770,0.0,8.0,0.0,0.0,0.0,0.0,0.0,0.0,0.0,0.0,0.0,8582.0,0.0,0.0,0.0,0.0,158.0,0.0,43.0
164,N_1100123773,0.0,3.0,0.0,0.0,0.0,0.0,0.0,0.0,0.0,165.0,0.0,1539.0,0.0,0.0,0.0,0.0,47.0,0.0,10.0
165,N_1100123602,0.0,11.0,0.0,0.0,0.0,0.0,0.0,0.0,0.0,0.0,0.0,30402.0,0.0,0.0,0.0,0.0,238.0,0.0,134.0
166,N_1100123775,0.0,5.0,0.0,0.0,0.0,0.0,0.0,0.0,0.0,0.0,0.0,11352.0,0.0,0.0,0.0,0.0,108.0,0.0,51.0
167,N_1100123774,0.0,4.0,0.0,0.0,0.0,0.0,0.0,0.0,0.0,0.0,0.0,11418.0,0.0,0.0,0.0,0.0,96.0,0.0,51.0
168,N_1100123776,0.0,1.0,0.0,0.0,0.0,0.0,0.0,0.0,0.0,0.0,0.0,1999.0,0.0,0.0,0.0,0.0,16.0,0.0,9.0
169,N_1100063857,0.0,0.0,0.0,0.0,0.0,0.0,0.0,0.0,0.0,0.0,0.0,3951.0,0.0,0.0,0.0,0.0,9.0,0.0,16.0
170,N_1100122408,0.0,15.0,0.0,0.0,0.0,0.0,0.0,0.0,0.0,2301.0,78.0,3281.0,0.0,0.0,0.0,0.0,239.0,0.0,46.0
171,N_1100122409,0.0,4.0,0.0,0.0,0.0,0.0,0.0,0.0,0.0,0.0,0.0,19091.0,0.0,0.0,0.0,0.0,99.0,0.0,81.0
172,N_1100080009,0.0,6.0,0.0,0.0,0.0,0.0,0.0,0.0,0.0,0.0,0.0,61305.0,0.0,0.0,0.0,0.0,221.0,0.0,256.0
173,N_1100080007,0.0,29.0,0.0,0.0,0.0,0.0,0.0,0.0,0.0,0.0,0.0,41985.0,0.0,0.0,0.0,0.0,570.0,0.0,199.0
174,N_1100080006,0.0,15.0,0.0,0.0,0.0,0.0,0.0,0.0,0.0,0.0,0.0,75346.0,0.0,0.0,0.0,0.0,393.0,0.0,320.0
175,N_1100080005,0.0,11.0,0.0,0.0,0.0,0.0,0.0,0.0,0.0,0.0,0.0,42197.0,0.0,0.0,0.0,0.0,271.0,0.0,182.0
176,N_1100123573,0.0,0.0,0.0,0.0,0.0,0.0,0.0,0.0,0.0,0.0,0.0,25977.0,0.0,0.0,0.0,0.0,39.0,0.0,107.0
177,N_1100123720,0.0,1.0,0.0,0.0,0.0,0.0,0.0,0.0,0.0,0.0,0.0,3512.0,0.0,0.0,0.0,0.0,25.0,0.0,15.0
178,N_1100122402,0.0,4.0,0.0,0.0,0.0,0.0,0.0,0.0,0.0,0.0,0.0,39993.0,0.0,0.0,0.0,0.0,153.0,0.0,167.0
179,N_1100123792,0.0,0.0,0.0,0.0,0.0,0.0,0.0,0.0,0.0,0.0,0.0,6206.0,0.0,0.0,0.0,0.0,18.0,0.0,26.0
180,N_1100079901,0.0,6.0,0.0,0.0,0.0,0.0,0.0,0.0,0.0,0.0,0.0,20866.0,0.0,0.0,0.0,0.0,147.0,0.0,91.0
181,N_1100041801,0.0,12.0,0.0,0.0,0.0,0.0,0.0,0.0,0.0,0.0,0.0,68505.0,0.0,0.0,0.0,0.0,341.0,0.0,290.0
182,N_1100080185,0.0,23.0,0.0,0.0,0.0,0.0,0.0,0.0,0.0,0.0,3036.0,5.0,0.0,0.0,0.0,0.0,354.0,0.0,61.0
183,N_1100041804,0.0,33.0,0.0,0.0,0.0,0.0,0.0,0.0,0.0,0.0,2144.0,0.0,0.0,0.0,0.0,0.0,545.0,0.0,62.0
184,N_1100043332,0.0,8.0,0.0,0.0,0.0,0.0,0.0,0.0,0.0,0.0,0.0,28124.0,0.0,0.0,0.0,0.0,196.0,0.0,122.0
185,N_1100009255,0.0,16.0,0.0,0.0,0.0,0.0,0.0,0.0,0.0,0.0,0.0,25646.0,0.0,0.0,0.0,0.0,311.0,0.0,119.0
186,N_1100044784,0.0,18.0,0.0,0.0,0.0,0.0,0.0,0.0,0.0,0.0,0.0,47378.0,0.0,0.0,0.0,0.0,390.0,0.0,209.0
187,N_1100041121,0.0,15.0,0.0,0.0,0.0,0.0,0.0,0.0,0.0,1513.0,2.0,5729.0,0.0,0.0,0.0,0.0,244.0,0.0,49.0
188,N_1100041120,0.0,13.0,0.0,0.0,0.0,0.0,0.0,0.0,0.0,0.0,1693.0,0.0,0.0,0.0,0.0,0.0,209.0,0.0,35.0
189,N_1100040433,0.0,15.0,0.0,0.0,0.0,0.0,0.0,0.0,0.0,0.0,0.0,32045.0,0.0,0.0,0.0,0.0,309.0,0.0,144.0
190,N_1100040430,0.0,30.0,0.0,0.0,0.0,0.0,0.0,0.0,0.0,4335.0,433.0,5824.0,0.0,0.0,0.0,0.0,472.0,0.0,91.0
191,N_1100040431,0.0,6.0,0.0,0.0,0.0,0.0,0.0,0.0,0.0,0.0,0.0,83729.0,0.0,0.0,0.0,0.0,275.0,0.0,348.0
192,N_1100009013,0.0,5.0,0.0,0.0,0.0,0.0,0.0,0.0,0.0,0.0,0.0,31606.0,0.0,0.0,0.0,0.0,144.0,0.0,133.0
193,N_1100001309,0.0,18.0,0.0,0.0,0.0,0.0,0.0,0.0,0.0,966.0,1836.0,702.0,0.0,0.0,0.0,0.0,286.0,0.0,52.0
194,N_1100040434,0.0,3.0,0.0,0.0,0.0,0.0,0.0,0.0,0.0,0.0,0.0,33013.0,0.0,0.0,0.0,0.0,116.0,0.0,138.0
195,N_1100040435,0.0,17.0,0.0,0.0,0.0,0.0,0.0,0.0,0.0,0.0,0.0,34129.0,0.0,0.0,0.0,0.0,354.0,0.0,155.0
196,N_1100123725,0.0,1.0,0.0,0.0,0.0,0.0,0.0,0.0,0.0,97.0,146.0,61.0,0.0,0.0,0.0,0.0,20.0,0.0,4.0
197,N_1100094150,0.0,5.0,0.0,0.0,0.0,0.0,0.0,0.0,0.0,0.0,0.0,30917.0,0.0,0.0,0.0,0.0,140.0,0.0,130.0
198,N_1100161721,0.0,0.0,0.0,0.0,0.0,0.0,0.0,0.0,0.0,0.0,0.0,0.0,0.0,0.0,0.0,0.0,0.0,0.0,0.0
199,N_1100414285,0.0,5.0,0.0,0.0,0.0,0.0,0.0,0.0,0.0,0.0,0.0,104367.0,0.0,0.0,0.0,0.0,304.0,0.0,432.0
200,N_1100414286,0.0,0.0,0.0,0.0,0.0,0.0,0.0,0.0,0.0,0.0,0.0,99026.0,0.0,0.0,0.0,0.0,81.0,0.0,409.0
201,N_1100122371,0.0,4.0,0.0,0.0,0.0,0.0,0.0,0.0,0.0,0.0,0.0,49966.0,0.0,0.0,0.0,0.0,162.0,0.0,208.0
202,N_1100040956,0.0,9.0,0.0,0.0,0.0,0.0,0.0,0.0,0.0,0.0,0.0,43262.0,0.0,0.0,0.0,0.0,229.0,0.0,184.0
203,N_1100123782,0.0,7.0,0.0,0.0,0.0,0.0,0.0,0.0,0.0,0.0,0.0,28439.0,0.0,0.0,0.0,0.0,170.0,0.0,122.0
204,N_1100016682,0.0,19.0,0.0,0.0,0.0,0.0,0.0,0.0,0.0,0.0,2268.0,0.0,0.0,0.0,0.0,0.0,295.0,0.0,48.0
205,N_1100123652,0.0,8.0,0.0,0.0,0.0,0.0,0.0,0.0,0.0,0.0,0.0,48189.0,0.0,0.0,0.0,0.0,233.0,0.0,204.0
206,N_1100016687,0.0,14.0,0.0,0.0,0.0,0.0,0.0,0.0,0.0,0.0,0.0,36641.0,0.0,0.0,0.0,0.0,310.0,0.0,162.0
207,N_1100123653,0.0,4.0,0.0,0.0,0.0,0.0,0.0,0.0,0.0,0.0,0.0,42972.0,0.0,0.0,0.0,0.0,151.0,0.0,179.0
208,N_1100123661,0.0,0.0,0.0,0.0,0.0,0.0,0.0,0.0,0.0,0.0,0.0,2894.0,0.0,0.0,0.0,0.0,11.0,0.0,12.0
209,N_1100123667,0.0,0.0,0.0,0.0,0.0,0.0,0.0,0.0,0.0,32.0,0.0,3335.0,0.0,0.0,0.0,0.0,0.0,0.0,14.0
210,N_1100123666,0.0,0.0,0.0,0.0,0.0,0.0,0.0,0.0,0.0,0.0,0.0,2928.0,0.0,0.0,0.0,0.0,9.0,0.0,12.0
211,N_1100123665,0.0,1.0,0.0,0.0,0.0,0.0,0.0,0.0,0.0,0.0,0.0,2523.0,0.0,0.0,0.0,0.0,25.0,0.0,11.0
212,N_1100043330,0.0,20.0,0.0,0.0,0.0,0.0,0.0,0.0,0.0,0.0,998.0,0.0,0.0,0.0,0.0,0.0,331.0,0.0,34.0
213,N_1100123704,0.0,13.0,0.0,0.0,0.0,0.0,0.0,0.0,0.0,0.0,793.0,0.0,0.0,0.0,0.0,0.0,214.0,0.0,24.0
214,N_1100123705,0.0,1.0,0.0,0.0,0.0,0.0,0.0,0.0,0.0,0.0,0.0,5123.0,0.0,0.0,0.0,0.0,19.0,0.0,21.0
215,N_1100122415,0.0,5.0,0.0,0.0,0.0,0.0,0.0,0.0,0.0,0.0,0.0,13124.0,0.0,0.0,0.0,0.0,115.0,0.0,58.0
216,N_1100123813,0.0,15.0,0.0,0.0,0.0,0.0,0.0,0.0,0.0,0.0,0.0,14352.0,0.0,0.0,0.0,0.0,273.0,0.0,73.0
217,N_1100122413,0.0,5.0,0.0,0.0,0.0,0.0,0.0,0.0,0.0,0.0,0.0,20278.0,0.0,0.0,0.0,0.0,126.0,0.0,87.0
218,N_1100122412,0.0,9.0,0.0,0.0,0.0,0.0,0.0,0.0,0.0,0.0,0.0,9271.0,0.0,0.0,0.0,0.0,166.0,0.0,47.0
219,N_1100122411,0.0,20.0,0.0,0.0,0.0,0.0,0.0,0.0,0.0,0.0,0.0,35261.0,0.0,0.0,0.0,0.0,405.0,0.0,163.0
220,N_1100122410,0.0,10.0,0.0,0.0,0.0,0.0,0.0,0.0,0.0,0.0,0.0,17142.0,0.0,0.0,0.0,0.0,199.0,0.0,79.0
221,N_1100039014,0.0,4.0,0.0,0.0,0.0,0.0,0.0,0.0,0.0,59.0,0.0,3054.0,0.0,0.0,0.0,0.0,70.0,0.0,17.0
222,N_1100039010,0.0,2.0,0.0,0.0,0.0,0.0,0.0,0.0,0.0,0.0,156.0,0.0,0.0,0.0,0.0,0.0,40.0,0.0,5.0
223,N_1100039012,0.0,1.0,0.0,0.0,0.0,0.0,0.0,0.0,0.0,0.0,0.0,17689.0,0.0,0.0,0.0,0.0,55.0,0.0,73.0
224,N_1100015690,0.0,0.0,0.0,0.0,0.0,0.0,0.0,0.0,0.0,35608.0,0.0,18765.0,0.0,0.0,0.0,0.0,0.0,0.0,181.0
225,N_1100041698,0.0,4.0,0.0,0.0,0.0,0.0,0.0,0.0,0.0,0.0,0.0,37830.0,0.0,0.0,0.0,0.0,151.0,0.0,159.0
226,N_1100090467,0.0,19.0,0.0,0.0,0.0,0.0,0.0,0.0,0.0,0.0,903.0,0.0,0.0,0.0,0.0,0.0,315.0,0.0,32.0
227,N_1100461327,0.0,0.0,0.0,0.0,0.0,0.0,0.0,0.0,0.0,0.0,0.0,0.0,0.0,0.0,0.0,0.0,0.0,0.0,0.0
228,N_1100041118,0.0,0.0,0.0,0.0,0.0,0.0,0.0,0.0,0.0,0.0,0.0,47247.0,0.0,0.0,0.0,0.0,100.0,0.0,194.0
229,N_1100122397,0.0,0.0,0.0,0.0,0.0,0.0,0.0,0.0,0.0,0.0,0.0,36819.0,0.0,0.0,0.0,0.0,74.0,0.0,151.0
230,N_1100008860,0.0,1.0,0.0,0.0,0.0,0.0,0.0,0.0,0.0,0.0,0.0,54296.0,0.0,0.0,0.0,0.0,125.0,0.0,224.0
231,N_1100008863,0.0,21.0,0.0,0.0,0.0,0.0,0.0,0.0,0.0,0.0,2055.0,0.0,0.0,0.0,0.0,0.0,335.0,0.0,48.0
232,N_1100005951,0.0,5.0,0.0,0.0,0.0,0.0,0.0,0.0,0.0,0.0,0.0,10300.0,0.0,0.0,0.0,0.0,107.0,0.0,47.0
233,N_1100123619,0.0,0.0,0.0,0.0,0.0,0.0,0.0,0.0,0.0,30.0,51.0,26.0,0.0,0.0,0.0,0.0,5.0,0.0,1.0
234,N_1100115131,0.0,0.0,0.0,0.0,0.0,0.0,0.0,0.0,0.0,0.0,0.0,0.0,0.0,0.0,0.0,0.0,0.0,0.0,0.0
235,N_1100089751,0.0,2.0,0.0,0.0,0.0,0.0,0.0,0.0,0.0,0.0,67.0,0.0,0.0,0.0,0.0,0.0,36.0,0.0,3.0
236,N_1100039436,0.0,6.0,0.0,0.0,0.0,0.0,0.0,0.0,0.0,0.0,0.0,24797.0,0.0,0.0,0.0,0.0,150.0,0.0,106.0
237,N_1100059574,0.0,9.0,0.0,0.0,0.0,0.0,0.0,0.0,0.0,0.0,0.0,34120.0,0.0,0.0,0.0,0.0,211.0,0.0,147.0
238,N_1100123737,0.0,3.0,0.0,0.0,0.0,0.0,0.0,0.0,0.0,0.0,0.0,4930.0,0.0,0.0,0.0,0.0,59.0,0.0,23.0
239,N_1100040955,0.0,8.0,0.0,0.0,0.0,0.0,0.0,0.0,0.0,0.0,0.0,13917.0,0.0,0.0,0.0,0.0,157.0,0.0,64.0
240,N_1100419109,0.0,0.0,0.0,0.0,0.0,0.0,0.0,0.0,0.0,0.0,0.0,64628.0,0.0,0.0,0.0,0.0,37.0,0.0,267.0
241,N_1100123659,0.0,5.0,0.0,0.0,0.0,0.0,0.0,0.0,0.0,0.0,0.0,15449.0,0.0,0.0,0.0,0.0,107.0,0.0,67.0
242,N_1100123656,0.0,0.0,0.0,0.0,0.0,0.0,0.0,0.0,0.0,0.0,0.0,5409.0,0.0,0.0,0.0,0.0,10.0,0.0,22.0
243,N_1100123657,0.0,0.0,0.0,0.0,0.0,0.0,0.0,0.0,0.0,0.0,0.0,0.0,0.0,0.0,0.0,0.0,0.0,0.0,0.0
244,N_1100123655,0.0,43.0,0.0,0.0,0.0,0.0,0.0,0.0,0.0,11279.0,0.0,11725.0,0.0,0.0,0.0,0.0,667.0,0.0,172.0
245,N_1100016282,0.0,45.0,0.0,0.0,0.0,0.0,0.0,0.0,0.0,0.0,6032.0,853.0,0.0,0.0,0.0,0.0,712.0,0.0,125.0
246,N_1100123786,0.0,0.0,0.0,0.0,0.0,0.0,0.0,0.0,0.0,0.0,0.0,0.0,0.0,0.0,0.0,0.0,0.0,0.0,0.0
247,N_1100006700,0.0,3.0,0.0,0.0,0.0,0.0,0.0,0.0,0.0,0.0,0.0,28295.0,0.0,0.0,0.0,0.0,107.0,0.0,118.0
248,N_1100123651,0.0,18.0,0.0,0.0,0.0,0.0,0.0,0.0,0.0,0.0,0.0,45109.0,0.0,0.0,0.0,0.0,385.0,0.0,200.0
249,N_1100021054,0.0,11.0,0.0,0.0,0.0,0.0,0.0,0.0,0.0,0.0,0.0,35861.0,0.0,0.0,0.0,0.0,248.0,0.0,156.0
250,N_1100123808,0.0,1.0,0.0,0.0,0.0,0.0,0.0,0.0,0.0,0.0,0.0,2926.0,0.0,0.0,0.0,0.0,18.0,0.0,13.0
251,N_1100005958,0.0,10.0,0.0,0.0,0.0,0.0,0.0,0.0,0.0,0.0,909.0,0.0,0.0,0.0,0.0,0.0,158.0,0.0,22.0
252,N_1100065410,0.0,32.0,0.0,0.0,0.0,0.0,0.0,0.0,0.0,10310.0,0.0,10957.0,0.0,0.0,0.0,0.0,478.0,0.0,149.0
253,N_1100039003,0.0,0.0,0.0,0.0,0.0,0.0,0.0,0.0,0.0,0.0,0.0,5159.0,0.0,0.0,0.0,0.0,13.0,0.0,21.0
254,N_1100123714,0.0,4.0,0.0,0.0,0.0,0.0,0.0,0.0,0.0,0.0,0.0,4831.0,0.0,0.0,0.0,0.0,76.0,0.0,24.0
255,N_1100123713,0.0,0.0,0.0,0.0,0.0,0.0,0.0,0.0,0.0,0.0,0.0,3880.0,0.0,0.0,0.0,0.0,4.0,0.0,16.0
256,N_1100123664,0.0,2.0,0.0,0.0,0.0,0.0,0.0,0.0,0.0,0.0,0.0,4759.0,0.0,0.0,0.0,0.0,47.0,0.0,21.0
257,N_1100122404,0.0,3.0,0.0,0.0,0.0,0.0,0.0,0.0,0.0,0.0,0.0,30252.0,0.0,0.0,0.0,0.0,116.0,0.0,127.0
258,N_1100041479,0.0,53.0,0.0,0.0,0.0,0.0,0.0,0.0,0.0,0.0,1811.0,0.0,0.0,0.0,0.0,0.0,870.0,0.0,80.0
259,N_1100039005,0.0,0.0,0.0,0.0,0.0,0.0,0.0,0.0,0.0,3426.0,0.0,7629.0,0.0,0.0,0.0,0.0,0.0,0.0,38.0
260,N_1100122388,0.0,24.0,0.0,0.0,0.0,0.0,0.0,0.0,0.0,2248.0,1258.0,3849.0,0.0,0.0,0.0,0.0,387.0,0.0,72.0
261,N_1100043929,0.0,0.0,0.0,0.0,0.0,0.0,0.0,0.0,0.0,16914.0,0.0,72787.0,0.0,0.0,0.0,0.0,0.0,0.0,336.0
262,N_1100009279,0.0,0.0,0.0,0.0,0.0,0.0,0.0,0.0,0.0,8682.0,0.0,86533.0,0.0,0.0,0.0,0.0,0.0,0.0,379.0
263,N_1100019429,0.0,0.0,0.0,0.0,0.0,0.0,0.0,0.0,0.0,0.0,0.0,0.0,0.0,0.0,0.0,0.0,0.0,0.0,0.0
264,N_1100008176,0.0,2.0,0.0,0.0,0.0,0.0,0.0,0.0,0.0,0.0,0.0,158989.0,0.0,0.0,0.0,0.0,358.0,0.0,655.0
265,N_1100040450,0.0,14.0,0.0,0.0,0.0,0.0,0.0,0.0,0.0,0.0,0.0,47094.0,0.0,0.0,0.0,0.0,327.0,0.0,205.0
266,N_1100122382,0.0,23.0,0.0,0.0,0.0,0.0,0.0,0.0,0.0,0.0,581.0,0.0,0.0,0.0,0.0,0.0,378.0,0.0,32.0
267,N_1100040453,0.0,4.0,0.0,0.0,0.0,0.0,0.0,0.0,0.0,0.0,0.0,6141.0,0.0,0.0,0.0,0.0,73.0,0.0,28.0
268,N_1100095368,0.0,0.0,0.0,0.0,0.0,0.0,0.0,0.0,0.0,0.0,0.0,3196.0,0.0,0.0,0.0,0.0,11.0,0.0,13.0
269,N_1100122386,0.0,18.0,0.0,0.0,0.0,0.0,0.0,0.0,0.0,0.0,0.0,31390.0,0.0,0.0,0.0,0.0,364.0,0.0,145.0
270,N_1100039009,0.0,7.0,0.0,0.0,0.0,0.0,0.0,0.0,0.0,347.0,0.0,4724.0,0.0,0.0,0.0,0.0,131.0,0.0,29.0
271,N_1100442530,0.0,25.0,0.0,0.0,0.0,0.0,0.0,0.0,0.0,910.0,0.0,16939.0,0.0,0.0,0.0,0.0,447.0,0.0,101.0
272,N_1100044776,0.0,22.0,0.0,0.0,0.0,0.0,0.0,0.0,0.0,0.0,0.0,72309.0,0.0,0.0,0.0,0.0,504.0,0.0,314.0
273,N_1100123711,0.0,1.0,0.0,0.0,0.0,0.0,0.0,0.0,0.0,48.0,68.0,34.0,0.0,0.0,0.0,0.0,8.0,0.0,2.0
274,N_1100044772,0.0,19.0,0.0,0.0,0.0,0.0,0.0,0.0,0.0,0.0,0.0,22805.0,0.0,0.0,0.0,0.0,353.0,0.0,111.0
275,N_1100039085,0.0,6.0,0.0,0.0,0.0,0.0,0.0,0.0,0.0,0.0,0.0,27201.0,0.0,0.0,0.0,0.0,148.0,0.0,116.0
276,N_1100115129,0.0,1.0,0.0,0.0,0.0,0.0,0.0,0.0,0.0,0.0,0.0,20796.0,0.0,0.0,0.0,0.0,56.0,0.0,86.0
277,N_1100044778,0.0,18.0,0.0,0.0,0.0,0.0,0.0,0.0,0.0,0.0,0.0,37148.0,0.0,0.0,0.0,0.0,372.0,0.0,168.0
278,N_1100080454,0.0,21.0,0.0,0.0,0.0,0.0,0.0,0.0,0.0,0.0,1047.0,0.0,0.0,0.0,0.0,0.0,342.0,0.0,35.0
279,N_1100080107,0.0,15.0,0.0,0.0,0.0,0.0,0.0,0.0,0.0,0.0,0.0,24092.0,0.0,0.0,0.0,0.0,299.0,0.0,113.0
280,N_1100080104,0.0,8.0,0.0,0.0,0.0,0.0,0.0,0.0,0.0,0.0,0.0,54538.0,0.0,0.0,0.0,0.0,235.0,0.0,229.0
281,N_1100080075,0.0,38.0,0.0,0.0,0.0,0.0,0.0,0.0,0.0,5698.0,388.0,8284.0,0.0,0.0,0.0,0.0,610.0,0.0,119.0
282,N_1100080450,0.0,11.0,0.0,0.0,0.0,0.0,0.0,0.0,0.0,0.0,0.0,69427.0,0.0,0.0,0.0,0.0,326.0,0.0,293.0
283,N_1100080103,0.0,27.0,0.0,0.0,0.0,0.0,0.0,0.0,0.0,0.0,3115.0,0.0,0.0,0.0,0.0,0.0,434.0,0.0,67.0
284,N_1100080452,0.0,0.0,0.0,0.0,0.0,0.0,0.0,0.0,0.0,0.0,0.0,65181.0,0.0,0.0,0.0,0.0,62.0,0.0,269.0
285,N_1100080101,0.0,27.0,0.0,0.0,0.0,0.0,0.0,0.0,0.0,0.0,0.0,26070.0,0.0,0.0,0.0,0.0,498.0,0.0,133.0
286,N_1100075043,0.0,0.0,0.0,0.0,0.0,0.0,0.0,0.0,0.0,0.0,0.0,0.0,0.0,0.0,0.0,0.0,0.0,0.0,0.0
287,N_1100044787,0.0,0.0,0.0,0.0,0.0,0.0,0.0,0.0,0.0,2178.0,0.0,1153.0,0.0,0.0,0.0,0.0,0.0,0.0,8.0
288,N_1100123643,0.0,1.0,0.0,0.0,0.0,0.0,0.0,0.0,0.0,0.0,0.0,4722.0,0.0,0.0,0.0,0.0,30.0,0.0,20.0
289,N_1100123642,0.0,1.0,0.0,0.0,0.0,0.0,0.0,0.0,0.0,0.0,0.0,10349.0,0.0,0.0,0.0,0.0,43.0,0.0,43.0
290,N_1100065341,0.0,9.0,0.0,0.0,0.0,0.0,0.0,0.0,0.0,0.0,0.0,17530.0,0.0,0.0,0.0,0.0,178.0,0.0,79.0
291,N_1100059609,0.0,28.0,0.0,0.0,0.0,0.0,0.0,0.0,0.0,0.0,1346.0,0.0,0.0,0.0,0.0,0.0,454.0,0.0,47.0
292,N_1100065343,0.0,0.0,0.0,0.0,0.0,0.0,0.0,0.0,0.0,0.0,0.0,76147.0,0.0,0.0,0.0,0.0,111.0,0.0,314.0
293,N_1100075044,0.0,9.0,0.0,0.0,0.0,0.0,0.0,0.0,0.0,0.0,505.0,0.0,0.0,0.0,0.0,0.0,151.0,0.0,16.0
294,N_1100042559,0.0,0.0,0.0,0.0,0.0,0.0,0.0,0.0,0.0,0.0,0.0,4246.0,0.0,0.0,0.0,0.0,16.0,0.0,18.0
295,N_1100161781,0.0,0.0,0.0,0.0,0.0,0.0,0.0,0.0,0.0,0.0,0.0,65509.0,0.0,0.0,0.0,0.0,69.0,0.0,270.0
296,N_1100001303,0.0,11.0,0.0,0.0,0.0,0.0,0.0,0.0,0.0,0.0,0.0,79193.0,0.0,0.0,0.0,0.0,336.0,0.0,333.0
297,N_1100001302,0.0,0.0,0.0,0.0,0.0,0.0,0.0,0.0,0.0,0.0,0.0,37178.0,0.0,0.0,0.0,0.0,65.0,0.0,153.0
298,N_1100123598,0.0,0.0,0.0,0.0,0.0,0.0,0.0,0.0,0.0,0.0,0.0,69603.0,0.0,0.0,0.0,0.0,39.0,0.0,288.0
299,N_1100123722,0.0,4.0,0.0,0.0,0.0,0.0,0.0,0.0,0.0,0.0,0.0,3810.0,0.0,0.0,0.0,0.0,69.0,0.0,19.0
300,N_1100044781,0.0,0.0,0.0,0.0,0.0,0.0,0.0,0.0,0.0,0.0,0.0,68136.0,0.0,0.0,0.0,0.0,105.0,0.0,281.0
301,N_1100044782,0.0,11.0,0.0,0.0,0.0,0.0,0.0,0.0,0.0,0.0,0.0,40763.0,0.0,0.0,0.0,0.0,266.0,0.0,176.0
302,N_1100044783,0.0,23.0,0.0,0.0,0.0,0.0,0.0,0.0,0.0,0.0,0.0,60135.0,0.0,0.0,0.0,0.0,495.0,0.0,266.0
303,N_1100123726,0.0,0.0,0.0,0.0,0.0,0.0,0.0,0.0,0.0,0.0,0.0,771.0,0.0,0.0,0.0,0.0,8.0,0.0,3.0
304,N_1100044786,0.0,17.0,0.0,0.0,0.0,0.0,0.0,0.0,0.0,0.0,0.0,25885.0,0.0,0.0,0.0,0.0,337.0,0.0,122.0
305,N_1100001308,0.0,0.0,0.0,0.0,0.0,0.0,0.0,0.0,0.0,0.0,0.0,0.0,0.0,0.0,0.0,0.0,0.0,0.0,0.0
306,N_1100123567,0.0,0.0,0.0,0.0,0.0,0.0,0.0,0.0,0.0,0.0,0.0,61911.0,0.0,0.0,0.0,0.0,107.0,0.0,255.0
307,N_1100040449,0.0,0.0,0.0,0.0,0.0,0.0,0.0,0.0,0.0,0.0,0.0,84912.0,0.0,0.0,0.0,0.0,40.0,0.0,351.0
308,N_1100001229,0.0,6.0,0.0,0.0,0.0,0.0,0.0,0.0,0.0,0.0,0.0,8005.0,0.0,0.0,0.0,0.0,116.0,0.0,38.0
309,N_1100079903,0.0,10.0,0.0,0.0,0.0,0.0,0.0,0.0,0.0,0.0,0.0,29910.0,0.0,0.0,0.0,0.0,227.0,0.0,131.0
310,N_1100042944,0.0,14.0,0.0,0.0,0.0,0.0,0.0,0.0,0.0,0.0,0.0,32513.0,0.0,0.0,0.0,0.0,297.0,0.0,145.0
311,N_1100042945,0.0,40.0,0.0,0.0,0.0,0.0,0.0,0.0,0.0,0.0,0.0,41771.0,0.0,0.0,0.0,0.0,743.0,0.0,210.0
312,N_1100122376,0.0,11.0,0.0,0.0,0.0,0.0,0.0,0.0,0.0,0.0,0.0,35698.0,0.0,0.0,0.0,0.0,250.0,0.0,155.0
313,N_1100041699,0.0,21.0,0.0,0.0,0.0,0.0,0.0,0.0,0.0,0.0,2284.0,0.0,0.0,0.0,0.0,0.0,335.0,0.0,50.0
314,N_1100040451,0.0,0.0,0.0,0.0,0.0,0.0,0.0,0.0,0.0,0.0,0.0,0.0,0.0,0.0,0.0,0.0,0.0,0.0,0.0
315,N_1100006788,0.0,3.0,0.0,0.0,0.0,0.0,0.0,0.0,0.0,0.0,329.0,0.0,0.0,0.0,0.0,0.0,49.0,0.0,7.0
